Datum,Gewicht_kg,Koerperfett_pct,FettMasse_kg,FettfreieMasse_kg,SubkutanesFett_pct,VisceralFett,SkelettMuskel_pct,Muskelmasse_kg,Knochenmasse_kg,Koerperwasser_pct,BMR_kcal,BMI,MetabolischesAlter,Bauchumfang_cm,Notiz
2026-06-28,68.90,19.5,13.44,55.50,17.7,5,52.0,52.70,2.78,58.2,1568,22.0,25,,Vergleichswert (aus App)
2026-07-12,68.15,19.0,12.95,55.20,17.2,5,52.3,52.40,2.76,58.5,1562,21.8,25,87,Startmessung Coaching
2026-07-13,67.70,18.8,12.73,55.00,17.1,4,52.5,52.20,2.75,58.7,1557,21.6,25,87,Morgenmessung nüchtern vor Stuhlgang
2026-07-14,67.40,18.6,12.54,54.90,16.9,4,52.6,52.10,2.75,58.8,1555,21.5,25,87,Morgenmessung Tag 3
2026-07-15,67.45,18.6,12.55,54.90,16.9,4,52.6,52.20,2.75,58.8,1555,21.5,25,87,Morgenmessung Tag 4 (nach High-Activity-Padeltag)
2026-07-16,67.25,18.5,12.44,54.80,16.8,4,52.6,52.10,2.74,58.8,1553,21.5,25,86,Morgenmessung Tag 5 – Whoosh eingetreten, Bauchumfang 87->86 (erster Knick)
2026-07-17,67.25,18.5,12.44,54.80,16.8,4,52.6,52.10,2.74,58.8,1553,21.5,25,86,Morgenmessung Tag 6 – Plateau/Konsolidierung nach Whoosh: alle Werte unverändert ggü. 16.07; Bauchumfang 86 (stabil)
2026-07-18,67.00,18.3,12.26,54.70,16.6,4,52.7,52.00,2.74,58.9,1552,21.4,25,86,Morgenmessung Tag 7 – 2. Whoosh: -0.25 kg (fast reines Fett), KF 18.3 & Subkutan 16.6 neue Tiefstwerte; Bauchumfang 86 (stabil)
2026-07-19,67.45,18.6,12.55,54.90,16.9,4,52.6,52.20,2.75,58.8,1555,21.5,25,86,Morgenmessung Tag 8 (Checkpoint 1) – Wasser-Uptick nach Padel/Core: +0.45 kg. Werte identisch zu 15.07 (Post-Padel-Uptick, der damals in Whoosh mündete). Energetisch unmöglich echtes Fett (gestern 1667 kcal + Padel = großes Defizit). Bauchumfang 86 (stabil, hält den Knick) – bestätigt: reines Wasser, kein Fett
2026-07-20,67.55,18.7,12.63,54.90,17.0,4,52.5,52.20,2.75,58.7,1556,21.6,25,,Morgenmessung Tag 9 – 2. Wasser-Uptick-Tag: +0.10 kg. Ursache: salz-/fettlastiger Sonntag (Wurst + Kuchen ~100 g Fett) ON TOP auf das Padel-Wasser vom Vortag → Retention halt den Whoosh noch zurueck. KF/Subkutan minimal hoeher (Schaetzung folgt Hydration), Muskelmasse/FFM/Visceral/Knochen alle stabil. Energetisch weiterhin Defizit (Sonntag ~200 kcal Defizit trotz Kuchen dank Tennis). Bauchumfang heute noch nicht gemessen – bitte nachtragen
2026-07-21,67.40,18.6,12.54,54.90,16.9,4,52.6,52.10,2.75,58.8,1555,21.5,25,,Morgenmessung Tag 10 – Aufgeschobener Whoosh eingetreten: -0.15 kg (67.55->67.40). Padel-/Salz-Wasser der letzten 2 Tage fliesst ab, Werte exakt zurueck auf 14.07-Niveau (Tag-3-Stand). KF 18.6 & Subkutan 16.9 wieder auf Tiefstwert-Naehe, Muskelmasse/FFM/Visceral/Knochen stabil = reines Wasser raus, kein Muskelverlust. Bauchumfang heute nicht gemessen – bitte morgens nuechtern nachtragen
2026-07-22,67.00,18.3,12.26,54.70,16.6,4,52.7,52.00,2.74,58.9,1552,21.4,25,86,Morgenmessung Tag 11 – Whoosh vollstaendig durchgelaufen: -0.40 kg (67.40->67.00). Restwasser komplett raus, Werte Ziffer fuer Ziffer zurueck auf 18.07-Tiefstwert (67.00/18.3/12.26/54.70/16.6). KF & Subkutan wieder auf Allzeit-Tief, Skelettmuskel 52.7 (Hoechststand), Muskel/FFM/Visceral/Knochen stabil = reiner Wasserabfluss, kein Muskelverlust. 67-kg-Marke wieder erreicht. Bauchumfang 86 cm – haelt den Knick vom 16.07. stabil durch beide Uptick-Tage; fuer CP2-Optimal (83-85) muss er in der Schlusswoche noch runter
2026-07-23,66.35,17.9,11.88,54.50,16.3,4,53.1,51.70,2.73,59.3,1546,21.2,25,85.5,Morgenmessung Tag 12 – NEUES ALLZEIT-TIEF, Netto-Fortschritt unter das 18./22.07-Plateau: -0.65 kg (67.00->66.35). Erstmals unter 67 kg und in den CP2-Realkorridor (65.5-66.5) eingetreten. KF 17.9 (erstmals unter 18 %) & Subkutan 16.3 auf neuem Allzeit-Tief, Fettmasse 11.88 (erstmals unter 12 kg). Skelettmuskel 53.1 (Hoechststand), Koerperwasser 59.3 (Hoechststand), Protein 18.7 (Hoechststand), Visceral 4 stabil. FFM -0.20 & Muskelmasse -0.30 = Wasseranteil (Skelettmuskel-% steigt), kein Muskelverlust. Von -0.65 kg sind -0.38 kg Fettmasse (58 %). Bauchumfang 85.5 cm – der 86er-Knick vom 16.07. ist erstmals durchbrochen (-0.5 cm), neues Allzeit-Tief, noch vor der Sodium-Reduktion
2026-07-28,66.65,18.1,12.06,54.60,16.4,4,52.9,51.90,2.73,59.1,1549,21.3,25,,Morgenmessung Tag 17 (2 Tage vor Deadline 30.07. - verlaengert von 28.07., Abflug erst 30.07.) nach 4 Tagen Wochenende unterwegs (24.-27.07. keine Messung). +0.30 kg ggue. 23.07-Tief (66.35->66.65) – klassischer Wochenend-Rebound: Muskelmasse +0.20 & FFM +0.10 = Glykogen/Wasser in der Muskulatur (Auswaerts-Essen fuellt Glykogenspeicher + Natrium bindet Wasser). KF 18.1 & Subkutan 16.4 minimal hoeher = Bioimpedanz folgt Hydration; energetisch ist echter Fettaufbau in 4 Tagen Restaurant praktisch ausgeschlossen bei nur +0.30 kg. Visceral 4 / Knochen 2.73 / Protein 18.7 stabil. Skelettmuskel-% 52.9 (-0.2) & Koerperwasser 59.1 (-0.2) minimal runter. Netto seit Coaching-Start (12.07.): -1.50 kg / -0.9 % KF / -0.89 kg Fett. Bauchumfang nicht gemessen (unterwegs); damit in Reichweite des CP2-Realziels (83-85)
2026-09-08,67.35,18.6,12.53,54.80,16.9,4,52.6,52.10,2.74,58.7,1554,21.5,25,,BASELINE 4-Wochen-Challenge (Start, Deadline 04.10.) – erste Messung nach ~6 Wochen Urlaub. Rebound erfreulich gering: +0.70 kg / +0.5 % KF ggue. letztem Stand vor Urlaub (28.07.: 66.65 / 18.1 %), +1.00 kg ggue. Allzeit-Tief (23.07.: 66.35 / 17.9 %). Fettmasse 12.53 (+0.47 ggue. 28.07.). Muskelbasis top gehalten: Muskelmasse 52.10 (+0.20), FFM 54.80 (+0.20), Skelettmuskel 52.6 % (-0.3), Koerperwasser 58.7 (-0.4), Visceral 4 stabil, Knochen 2.74, BMR 1554, Metabolisches Alter 25. Ausgangs-KF 18.6 % liegt nahe Juli-Niveau → gute Startbasis fuer sichtbare Definition. Bauchumfang heute nicht gemessen – bitte morgens nuechtern nachtragen (Referenz 23.07.: 85.5 cm)
2026-09-10,67.00,18.3,12.26,54.70,16.6,4,52.7,52.00,2.74,58.9,1552,21.4,25,,Morgenmessung Tag 3 – erste Nachmessung seit Baseline (08.09.); 09.09. Wiegen ausgefallen. -0.35 kg ggue. Baseline (67.35->67.00), davon -0.27 kg reine Fettmasse (77%). KF 18.3 (-0.3) & Subkutan 16.6 (-0.3) beide zurueck auf Juli-Allzeit-Tief. Skelettmuskel 52.7 (+0.1, Hoechststand), Koerperwasser 58.9 (+0.2), Protein 18.7 stabil (Hoechststand). FFM -0.10 & Muskelmasse -0.10 = Wasser (Koerperwasser steigt ja), kein Muskelverlust. Visceral 4 / Knochen 2.74 stabil, BMR 1552, BMI 21.4. Werte Ziffer fuer Ziffer identisch mit Juli-Tief (18./22.07.): Urlaubs-Rebound-Wasser bereits nach 2 Tagen ausgespuelt. Trotz Radler gestern neues Challenge-Tief = Radler war Wasser, kein Fett. Bauchumfang weiter nicht gemessen (fehlt seit Baseline) – bitte dringend nachtragen (Ref 23.07.: 85.5 cm)
2026-09-14,66.95,18.3,12.25,54.70,16.6,4,52.8,52.00,2.74,59.0,1551,21.4,25,,Morgenmessung Tag 7 (14.09.) – NEUES CHALLENGE-TIEF: -0.05 kg ggue. 10.09. (67.00->66.95), erstmals in der Challenge unter 67 kg. KF 18.3 stabil (Challenge-/Juli-Tief), Fettmasse 12.25 (-0.01). Skelettmuskel 52.8 (+0.1, neuer Hoechststand) & Koerperwasser 59.0 (+0.1, neuer Hoechststand) = die -0.05 kg sind Wasser/marginal, Muskel voll geschuetzt. FFM 54.70 / Muskelmasse 52.00 / Subkutan 16.6 / Visceral 4 / Knochen 2.74 alle stabil, Protein 18.6 (-0.1). 11.09.+12.09. kein Wiegen, 13.09. (Tag 6, So) nicht getrackt. Noch 0.60 kg ueber Juli-Allzeit-Tief (23.07.: 66.35). Bauchumfang weiter nicht gemessen (fehlt seit Baseline, 7 Tage) – bitte dringend nachtragen (Ref 23.07.: 85.5 cm)
2026-09-15,66.70,18.2,12.14,54.60,16.5,4,52.9,51.80,2.73,59.1,1548,21.3,25,,Morgenmessung Tag 8 (15.09.) – NEUES CHALLENGE-TIEF auf ganzer Linie: -0.25 kg ggue. 14.09. (66.95->66.70), davon -0.11 kg reine Fettmasse (44%). KF 18.2 (-0.1), Subkutan 16.5 (-0.1) & Fettmasse 12.14 alle auf neuem Challenge-Tief (KF nur noch 0.3 ueber Juli-Allzeit-Tief 17.9). Skelettmuskel 52.9 (+0.1, neuer Challenge-Hoechststand) & Koerperwasser 59.1 (+0.1, neuer Challenge-Hoechststand) = die -0.20 kg Muskelmasse (51.80) & -0.10 kg FFM (54.60) sind Wasser/Messfolge der Hydration, kein Muskelverlust (Muskel-% steigt gleichzeitig). Visceral 4 stabil, Knochen 2.73, BMR 1548, BMI 21.3, Protein 18.6 stabil. Nur noch 0.35 kg ueber Juli-Allzeit-Tief (23.07.: 66.35). Netto seit Baseline (08.09.): -0.65 kg / -0.4 % KF / -0.39 kg Fett. Bauchumfang weiter nicht gemessen (fehlt seit Baseline, 8 Tage!) – #1-Aufgabe, bitte dringend nachtragen (Ref 23.07.: 85.5 cm)
2026-09-16,66.85,18.2,12.17,54.70,16.5,4,52.9,51.90,2.74,59.1,1551,21.3,25,,Morgenmessung Tag 9 (16.09.) – Wasser-Uptick nach Tennis+Salz/Fett-Mittag: +0.15 kg ggue. 15.09. (66.70->66.85). Klassische Retention, KEIN Fett: KF 18.2 stabil, Subkutan 16.5 stabil, Koerperwasser 59.1 & Skelettmuskel 52.9 stabil (kein Rueckschritt). Der Zuwachs sitzt in FFM (+0.10=54.70) & Muskelmasse (+0.10=51.90) = Wasser/Glykogen in der Muskulatur nach dem 2h-Tennistag (Regeneration) plus Natrium-Retention vom frittierten Mittag (103 g Fett/Bratwurst, hoechster Fett-Tag der Challenge). Fettmasse 12.17 (+0.03) ist reine Rechenfolge aus dem Wassergewicht bei gehaltenem KF%. Energetisch Fett unmoeglich: 15.09. war ~330 kcal Defizit (2145 kcal vs TDEE ~2475). Visceral 4 / Protein 18.6 / BMI 21.3 stabil, Knochen 2.74, BMR 1551. Exakt dasselbe Muster wie 15.->16.07. & 18.->19.07. (Padel-Uptick) -> Whoosh folgt erfahrungsgemaess in 1-2 Tagen bei Salz niedrig + Wasser hoch. Noch 0.50 kg ueber Juli-Allzeit-Tief (66.35). Bauchumfang weiter nicht gemessen (9 Tage seit Baseline!) – #1-Aufgabe (Ref 23.07.: 85.5 cm)
2026-09-17,66.75,18.2,12.15,54.60,16.5,4,52.8,51.90,2.73,59.1,1549,21.3,25,,Morgenmessung Tag 10 (17.09.) – Whoosh startet: -0.10 kg ggue. 16.09. (66.85->66.75). Das Tennis-Uptick-Wasser fliesst wieder ab – der Rueckgang sitzt exakt in FFM (-0.10=54.60), genau dort wo der +0.10-Uptick gestern reinkam. KF 18.2 stabil, Fettmasse 12.15 (-0.02, praktisch flat), Muskelmasse 51.90 gehalten, Koerperwasser 59.1 / Subkutan 16.5 stabil, Skelettmuskel 52.8 (-0.1, Rundung), Protein 18.7 (+0.1, Hoechststand = Juli-Allzeit-Tief-Niveau). Visceral 4 / BMI 21.3 stabil, Knochen 2.73, BMR 1549. Reiner Wasserabfluss, kein Muskelverlust (Muskelmasse haelt, Protein-% steigt). Noch 0.40 kg ueber Juli-Allzeit-Tief (66.35). ACHTUNG: Essen heute NICHT clean (McD-Cheeseburger + echtes Pils 4.9 % + Lachs 300g/39g Fett = Salz/Alkohol/Fett, Fett 88g ueber Limit) -> Whoosh koennte morgen stocken bzw. Salz/Alkohol-Wasser-Rebound moeglich. Bauchumfang weiter offen (10 Tage seit Baseline!) – #1-Aufgabe (Ref 23.07.: 85.5 cm)
2026-09-18,66.60,18.1,12.05,54.50,16.5,4,52.9,51.80,2.73,59.1,1548,21.3,25,85.5,Morgenmessung Tag 11 (18.09.) – Whoosh laeuft sauber weiter TROTZ gestrigem Salz/Alkohol/Fett-Tag (McD+Pils+fetter Lachs): -0.15 kg ggue. 17.09. (66.75->66.60), davon -0.10 kg reine Fettmasse (12.15->12.05). KF 18.1 (-0.1) = neues Challenge-Tief, nur noch 0.2 Prozent ueber Juli-Allzeit-Tief (17.9). Subkutan 16.5 stabil, Skelettmuskel 52.9 (+0.1, Challenge-Hoch), Koerperwasser 59.1 / Protein 18.7 gehalten -> Muskel voll geschuetzt (Muskelmasse 51.80 / FFM 54.50 je -0.10 = Wasser). Visceral 4 / Knochen 2.73 / BMI 21.3 / BMR 1548 stabil. Der befuerchtete Salz-Rebound ist AUSGEBLIEBEN. Noch 0.25 kg ueber Juli-Allzeit-Tief (66.35). BAUCHUMFANG ENDLICH NACHGETRAGEN nach 10 Tagen (#1-Aufgabe erledigt): 85.5 cm = exakt das Juli-Allzeit-Tief (23.07.), der 86er-Knick ist wieder durchbrochen. Bei 66.60 kg (0.25 kg UEBER Juli-Tief-Gewicht) trotzdem gleicher Bauchumfang -> leicht bessere Rekomposition. Netto seit Baseline (08.09.): -0.75 kg / -0.5 Prozent KF / -0.48 kg Fett.
2026-09-20,,,,,,,,,,,,,,85,Tag 13 (20.09.) – nur Bauchumfang gemessen (abends; Wiegen/Bioimpedanz heute nicht erfasst). 85 cm = NEUES ALLZEIT-TIEF: -0.5 cm ggue. 18.09. (85.5) und erstmals UNTER dem Juli-Allzeit-Tief (23.07.: 85.5). Der ehrlichste Sixpack-Indikator dreht weiter nach unten. Kontext: heute Lehrbuch-Cut-Tag (Protein 150 g, Fett 35 g, 0 Alkohol) + grosser Tennistag (523 kcal). Gewicht/KF fehlen heute -> naechste Bioimpedanz-Messung morgen frueh nuechtern.
2026-09-22,66.40,18.0,11.95,54.50,16.4,4,53.0,51.70,2.73,59.3,1546,21.2,25,84,Morgenmessung Tag 15 (22.09.) – CHALLENGE-TIEFS AUF GANZER LINIE + Bauchumfang-Sprung. Gewicht -0.20 kg ggue. 18.09. (66.60->66.40) = neues Challenge-Tief, nur noch 0.05 kg ueber Juli-Allzeit-Tief (23.07.: 66.35). KF 18.0 (-0.1), Subkutan 16.4 (-0.1) & Fettmasse 11.95 (-0.10, erstmals in der Challenge unter 12 kg) alle neues Challenge-Tief; KF nur 0.1 ueber Juli-Tief (17.9). Skelettmuskel 53.0 (+0.1, neuer Hoechststand) & Koerperwasser 59.3 (+0.2, neuer Hoechststand) -> Muskelmasse 51.70 (-0.10) / FFM 54.50 stabil sind Wasser/Messfolge, kein Muskelverlust. Visceral 4 / Knochen 2.73 / Protein 18.6 stabil, BMR 1546, BMI 21.2, Metab. Alter 25. Der befuerchtete Wasser-Uptick nach dem grossen Doppel-Session-Tag (21.09.) ist AUSGEBLIEBEN -> Whoosh laeuft weiter. BAUCHUMFANG 84 cm = -1.0 cm ggue. 20.09. (85), neues Allzeit-Tief, jetzt 1.5 cm UNTER Juli-Allzeit-Tief (85.5); bei quasi gleichem Gewicht wie Juli-Tief (66.40 vs 66.35) -> deutlich bessere Rekomposition. Netto seit Baseline (08.09.): -0.95 kg / -0.6 % KF / -0.58 kg Fett, Muskel voll geschuetzt
