Datum,Startzeit,Endzeit,Aktivitaet,Dauer_min,Distanz_km,Aktiv_kcal,Total_kcal,Avg_HF_bpm,Max_HF_bpm,Avg_Power_W,Avg_Cadence_rpm,Notiz
2026-07-13,16:51,16:59,Indoor Cycle (Technogym),8.7,3.80,63,76,117,,112,73,Warm-up vor Gym
2026-07-13,17:05,17:24,Krafttraining Oberkoerper,19.7,,78,106,95,129,,,Gym kompakt
2026-07-13,18:01,18:59,Tennis,57.6,,257,340,101,147,,,Vienna
2026-07-14,,,Padel (Apple: Tennis),,,915,,,,,,zwei Runden; 615 kcal (Apple) + ~300 kcal zweite Runde
2026-07-15,,,Home-Workout Zug+Core,,,,,,,,,Klimmzuege 5x6 (30) + Sit-ups 3x20 (60); Gym-Unterkoerper ausgefallen
2026-07-16,08:09,08:29,Indoor Run (Technogym),20,2.48,161,190,118,,,135,Easy 3/10; Pace 8'01"/km; +33m; Vienna
2026-07-16,08:31,09:12,Traditional Strength Training,40.9,,150,207,92,126,,,Vienna; Gym-Kraft
2026-07-16,,,Schritte (Tag),,8.7,,,,,,,10704 Schritte gesamt (5704 gemessen + 5000 pauschal)
2026-07-17,17:23,17:47,Indoor Run,23.98,3.13,206,241,134,,,138,Vienna; Pace 7'39"/km; Cadence 138 spm; Effort 5/10 Moderate
2026-07-17,17:48,18:37,Traditional Strength Training,49.48,,206,274,103,139,,,Vienna; Gym-Kraft
2026-07-17,,,Schritte (Tag),,7.73,,,,,,,9489 Schritte gesamt; Move 706/300 kcal; Exercise 86/30 min; Stand 7/12 h
2026-07-20,,,Schritte (Tag),,6.82,,,,,,,8706 Schritte gesamt; Move 498/300 kcal; Exercise 41/30 min; Stand 11/12 h
2026-07-21,18:43,20:42,Tennis,118.67,,534,706,102,147,,,Vienna; Effort moderat (Avg HF 102)
2026-07-21,,,Schritte (Tag),,6.23,,,,,,,8029 Schritte gesamt; Move 881/300 kcal; Exercise 130/30 min; Stand 12/12 h
2026-07-22,11:55,12:09,Stair-Stepper (Technogym),14,,118,138,128,,,69,Vienna; Effort 3 Easy; +199m Hoehe; 62 Etagen
2026-07-22,19:31,20:08,Tennis (verdoppelt),74.33,,548,654,127,164,,,Vienna; getrackt 37:10/274 kcal, verdoppelt (2. Einheit vergessen zu tracken)
2026-07-22,,,Krafttraining,30,,120,,,,,,vergessen zu tracken; ~30 min; aktive kcal geschaetzt (~4 kcal/min)
2026-07-22,,,Schritte (Tag),,7.86,,,,,,,9774 Schritte gesamt; Move 739/300 kcal; Exercise 78/30 min; Stand 8/12 h
2026-09-08,18:39,20:24,Tennis,105.12,,568,718,113,143,,,Vienna; Challenge Tag 1; Effort ~5/10 (Avg HF 113)
2026-09-08,,,Schritte (Tag),,7.69,,,,,,,9860 Schritte gesamt; Move 902/300 kcal (300%); Exercise 115/30 min; Stand 13/12 h
2026-09-09,18:44,18:54,Indoor Run,10.47,1.15,70,85,111,,,128,Vienna; Effort 3 Easy; Pace 9'03"/km; Cadence 128 spm; Workout-Time 10:28
2026-09-09,,,Krafttraining,30,,120,160,,,,,~30 min; keine Detaildaten getrackt; aktive kcal geschaetzt (~4 kcal/min), Total geschaetzt (~0,73 Ratio)
2026-09-10,,,Outdoor Run,,4.25,,,,,,,Vienna; Challenge Tag 3; Outdoor Run 4,25 km (Apple Fitness Session); Detaildaten (Zeit/HF/Pace) nicht im Screenshot; aktive kcal im Tages-Move (580) enthalten
2026-09-10,,,Schritte (Tag),,9.17,,,,,,,9533 Schritte gesamt; Move 580/300 kcal (300%, Award); Exercise 45/30 min; Stand 4/12 h
2026-09-11,,,Climbing,,,731,,,,,,Vienna; Challenge Tag 4; Climbing-Session 731 aktive kcal (Apple Fitness); Ganzkoerper-Kraft; Detaildaten (Zeit/HF/Dauer) nicht im Screenshot
2026-09-11,,,Schritte (Tag),,7.10,,,,,,,9265 Schritte gesamt; Move 1025/300 kcal (342%); Exercise 205/30 min; Stand 9/12 h
2026-09-12,11:18,13:25,Hiking,73.6,2.83,233,338,101,,,,Muggendorf (Fraenkische Schweiz); Challenge Tag 5; Effort 3 Easy; +128 Hoehenmeter; Workout-Time 1:13:36; Elapsed 2:06:57
2026-09-12,,,Schritte (Tag),,10.50,,,,,,,14538 Schritte gesamt (hoechster Schritt-Tag der Challenge); Move 722/300 kcal (241%); Exercise 84/30 min; Stand 12/12 h
2026-09-14,20:12,21:00,Tennis,47.82,,339,408,121,151,,,Vienna; Challenge Tag 7; Workout-Time 0:47:49; Effort nicht gesetzt
2026-09-14,,,Schritte (Tag),,4.60,,,,,,,5679 Schritte gesamt (niedriger Schritt-Tag); Move 516/300 kcal (172%); Exercise 57/30 min; Stand 6/12 h; Award 7-Workout-Week
2026-09-15,18:31,20:29,Tennis,118.03,,660,828,114,149,,,Vienna; Challenge Tag 8; Workout-Time 1:58:02; Elapsed 1:58:04; HF-Range 83-149; Effort nicht gesetzt
2026-09-15,,,Schritte (Tag),,6.34,,,,,,,7899 Schritte gesamt; Move 927/300 kcal (309%); Exercise 126/30 min (420%); Stand 10/12 h; Award Move Goal 300%
2026-09-16,16:53,18:06,Tennis,72.78,,681,785,137,165,,,Vienna; Challenge Tag 9; Workout-Time 1:12:47; HF-Range 102-165; Avg HF 137 (hoechster Tennis-Schnitt der Challenge)
2026-09-16,,,Schritte (Tag),,5.34,,,,,,,6611 Schritte gesamt; Move 938/300 kcal (313%); Exercise 78/30 min (260%); Stand 10/12 h; Award Move Goal 300%
2026-09-17,19:58,20:22,Outdoor Run,23.77,4.95,307,341,177,,241,169,Vienna; Challenge Tag 10; Workout-Time 0:23:46; Pace 4'48"/km; Cadence 169 spm; +18m Hoehe; Avg Power 241W; Effort 7 Hard; Avg HF 177 (intensivster Lauf/hoechster HF-Schnitt der Challenge) – harter Tempolauf
2026-09-17,,,Schritte (Tag),,,,,,,,,Schrittzahl im Screenshot abgeschnitten (nicht ablesbar); Move 687/300 kcal (229%); Exercise 41/30 min (137%); Apple Total-Energie 2337 kcal
2026-09-20,,,Tennis,,,523,,,,,,Vienna; Challenge Tag 13; Tennis-Session 523 aktive kcal (Apple Fitness); Detaildaten (Zeit/Dauer/HF) nicht im Screenshot; Stand 18:51 (Tag nicht abgeschlossen)
2026-09-20,,,Schritte (Tag),,5.21,,,,,,,6458 Schritte gesamt (Stand 18:51); Move 642/300 kcal (214%); Exercise 123/30 min (410%); Stand 5/12 h; Award 7-Workout-Week (6 von 7); Werte steigen bis Tagesende evtl. noch
2026-09-21,,,Tennis,,,373,,,,,,Vienna; Challenge Tag 14; Tennis-Session 373 aktive kcal (Apple Fitness); Detaildaten (Zeit/Dauer/HF) nicht im Screenshot
2026-09-21,,,Traditional Strength Training,,,216,,,,,,Vienna; Challenge Tag 14; Kraft-Session 216 aktive kcal (Apple Fitness); Doppel-Session mit Tennis; Detaildaten nicht im Screenshot
2026-09-21,,,Schritte (Tag),,,,,,,,,Move 998/300 kcal (333%); Exercise 149/30 min (497%, neuer Challenge-Hoechstwert); Apple Total-Energie 2145 kcal; Schrittzahl im Screenshot nicht ablesbar; grosser Doppel-Session-Tag (Tennis 373 + Kraft 216 = 589 aktive Session-kcal)
2026-09-23,14:59,16:10,Tennis,70.7,,503,604,126,,,,Vienna; Challenge Tag 16; Tennis 1:10:39; HF-Spanne im Chart 99-156 bpm
2026-09-23,,,Schritte (Tag),,9.54,,,,,,,12115 Schritte (Stand 20:02); Move 810/300 kcal (270%); Exercise 88/30 min; Stand 7/12 h; Award Move Goal 200%
2026-09-24,19:00,19:59,Tennis,59,,371,455,116,142,,,Vienna; Challenge Tag 17; Tennis 0:59:00; HF-Spanne im Chart 75-142 bpm
2026-09-24,,,Schritte (Tag),,,,,,,,,Tagesabschluss (Screenshot 00:38); Move 869/300 kcal (290%); Exercise 86/30 min; Apple Total-Energie 2575 kcal; Schrittzahl im Screenshot nicht ablesbar; 4/4 Ringe Mo-Do geschlossen
2026-09-29,18:27,20:31,Tennis,124,,561,739,103,134,,,Vienna; Challenge Tag 22; Tennis 2:03:54; HF-Spanne im Chart 76-134 bpm
2026-09-29,,,Schritte (Tag),,3.90,,,,,,,4776 Schritte (Stand 20:44); Move 611/300 kcal (204%); Exercise 125/30 min; Stand 4/12 h; Award Move Goal 200%
2026-09-30,15:08,15:56,Tennis,48,,324,393,123,146,,,Vienna; Challenge Tag 23; Tennis 0:48:25; HF-Spanne im Chart 97-146 bpm
2026-09-30,,,Schritte (Tag),,4.22,,,,,,,5265 Schritte (Stand 22:43); Move 573/300 kcal (191%); Exercise 57/30 min; Stand 9/12 h; Award Move Goal 200%
2026-10-06,,,Indoor Run (Technogym),,1.44,,,,,,,Gym-Session; vermutlich Warm-up vor Kraft; Details nicht im Screenshot
2026-10-06,,,Traditional Strength Training,,,143,,,,,,Gym-Session; Details (Dauer/HF) nicht im Screenshot
2026-10-06,,,Tennis,,,331,,,,,,Details (Dauer/HF) nicht im Screenshot
2026-10-06,,,Schritte (Tag),,7.07,,,,,,,8805 Schritte (Stand 19:12); Move 827/300 kcal (276%); Exercise 126/30 min; Stand 9/12 h; Award Move Goal 200%
2026-10-07,17:00,18:47,Tennis,108,,887,1041,131,157,,,Vienna; Phase 2 Tag 3; Tennis 1:47:35; HF-Spanne im Chart 101-157 bpm
2026-10-07,,,Schritte (Tag),,7.83,,,,,,,9619 Schritte (Stand 18:48); Move 1186/300 kcal (395%); Exercise 117/30 min; Stand 12/12 h; Award Move Goal 300%
2026-10-08,18:47,18:57,Indoor Run (Technogym),10.2,1.25,79,93,121,,,146,Vienna; Warm-up; Pace 8:07/km; 21 m Hoehe; Effort 3 Easy
2026-10-08,19:04,19:36,Traditional Strength Training,32.7,,119,163,90,,,,Vienna; Kraft-Session 2/3 der Woche; HF-Chart ca. 77-120 bpm
